Table Name,Column Name,Data Type,Nullable?,Key Type,Default,Required?,Definition & Business Rules
Applicants Dataset,applicant_id,VARCHAR(50),No,PK,,TRUE,"Unique identifier for each applicant (e.g., UUID or AP-10001)."
Applicants Dataset,income,"DECIMAL(12,2)",No,,,TRUE,Self-reported or verified gross annual income from tax documents in USD.
Applicants Dataset,employment_duration,INT,No,,,TRUE,Length of time with current employer in months.
Applicants Dataset,credit_score,INT,No,,,TRUE,Baseline credit score (FICO/VantageScore) at profile creation.
Applicants Dataset,credit_risk_tier,VARCHAR(20),No,,,TRUE,"Internal risk classification. Observed values in applicants.csv: Excellent, Very Good, Good, Fair, Poor."
Applicants Dataset,region,VARCHAR(50),No,,,TRUE,"Geographic location/market territory. Observed values in applicants.csv: Northeast, Southeast, South, Midwest, Southwest, West."
Applicants Dataset,birth_date,DATE,No,,,TRUE,Date of birth. Validation: Current Date - birth_date >= 18.
Applicants Dataset,employment_status,VARCHAR(20),No,,,TRUE,"Legal classification of work relationship. Observed values: employed, self_employed, retired."
Applicants Dataset,housing_status,VARCHAR(20),No,,,TRUE,"Legal nature of residential situation. Observed values: rent, own, other."
Applicants Dataset,state,CHAR(2),No,,,TRUE,"Applicant's state abbreviation (e.g., 'NC')."
Credit Pull Events Dataset,credit_pull_event_id,VARCHAR(50),No,PK,,TRUE,"Unique identifier for each individual transaction event (e.g., EV-10001)."
Credit Pull Events Dataset,application_id,VARCHAR(50),No,FK,,TRUE,Each credit pull is tied to a specific application and an applicant may have multiple applications.
Credit Pull Events Dataset,product_code,VARCHAR(20),No,FK,,TRUE,Product Code for the loan the applicant is applying for.
Credit Pull Events Dataset,event_date,TIMESTAMP,No,,CURRENT_DATE,TRUE,Timestamp of when the credit pull event was executed.
Credit Pull Events Dataset,dti_ratio,"DECIMAL(5,2)",Yes,,,TRUE,Debt to income ratio at time of credit pull.
Credit Pull Events Dataset,credit_score,INT,Yes,,,TRUE,Score returned by bureau. Validation: Must be between 300 and 850. Can be null if pull failed.
Credit Pull Events Dataset,credit_score_tier_change,VARCHAR(20),No,,,TRUE,"System-calculated tier change. Values: No_Change, Upgraded, Downgraded, Not_Applicable. Rule: Use Not_Applicable if first pull or if pull failed."
Credit Pull Events Dataset,bureau_name,VARCHAR(20),No,,,TRUE,"Credit bureau requested. Values: EQUIFAX, EXPERIAN, TRANSUNION."
Credit Pull Events Dataset,pull_status,VARCHAR(20),No,,'PENDING',TRUE,"Operational result. Values: SUCCESS, FAILED, PENDING."
Credit Pull Events Dataset,failure_code,VARCHAR(30),Yes,,,TRUE,"Reason for pull failure. Rule: Must be NULL if pull_status is SUCCESS. Observed values: RATE_LIMITED, PROVIDER ERROR, TIMEOUT, INVALID_REQUEST."
Credit Pull Events Dataset,provider_request_id,VARCHAR(100),No,,,TRUE,Unique tracking string returned by the provider. Used to catch duplicate responses.
Credit Pull Events Dataset,risk_status,VARCHAR(20),No,,,TRUE,"Credit-tier classification recorded for the credit pull. Observed values: Low Risk, Moderate Risk, High Risk, Very High Risk."
Loan Products Reference Dataset,product_code,VARCHAR(20),No,PK,,TRUE,Short identifying code for the loan product. Observed codes in loan_products.csv: MNT-01 through MNT-10 and REV-02.
Loan Products Reference Dataset,risk_status_criteria,TEXT,No,,,TRUE,"Risk-status criterion associated with the product. Observed values: Low Risk, Moderate Risk, High Risk."
Loan Products Reference Dataset,base_rate,"DECIMAL(5,4)",No,,,TRUE,"Baseline annual percentage rate (APR) before adjustments (e.g., 0.0550 = 5.50%)."
Loan Products Reference Dataset,max_amount,"DECIMAL(12,2)",No,,,TRUE,Hard cap on the principal amount that can be issued.
Loan Products Reference Dataset,product_name,VARCHAR(250),No,,,TRUE,Descriptive name of the credit product.
Loan Products Reference Dataset,min_term_month,INT,No,,,TRUE,"Minimum repayment term in months. Observed values in loan_products.csv: 6, 12, 24."
Loan Products Reference Dataset,max_term_month,INT,No,,,TRUE,"Maximum repayment term in months. Observed values in loan_products.csv: 24, 60, 72, 84."
Loan Products Reference Dataset,max_dti_score,"DECIMAL(5,2)",No,,,TRUE,"Maximum permitted debt-to-income ratio represented as a percentage (e.g., 36.50 = 36.5%)."
Loan Applications Dataset,application_id,VARCHAR(50),No,PK,,TRUE,Unique identifier for each loan application record. Business constraint: each application is an individual-only application associated with exactly one applicant; co-applicants are not permitted.
Loan Applications Dataset,applicant_id,VARCHAR(50),No,FK,,TRUE,References applicants.applicant_id. Cardinality constraint: each application_id must have exactly one applicant_id. A second or co-applicant must not be attached to the same application.
Loan Applications Dataset,product_code,VARCHAR(20),No,FK,,TRUE,"References product_code in loan_products.csv to map terms, base rate, and eligibility rules."
Loan Applications Dataset,application_date,TIMESTAMP,No,,CURRENT_DATE,TRUE,Timestamp when the loan application was submitted. Remediation moves this field from applicants.csv to loan_applications.csv because it is application-level and supports multiple applications per applicant.
Loan Applications Dataset,decision_date,TIMESTAMP,Yes,,,FALSE,"Timestamp when a loan application decision is finalized. May be NULL while an application is not yet finalized (for example, Pending or Under Review)."
Loan Applications Dataset,decision_status,VARCHAR(20),No,,,TRUE,"Status of the application. Target-state values per remediation log: Approved, Denied, Under Review, Pending, Funded."
Loan Applications Dataset,approved_amount,"DECIMAL(12,2)",Yes,,,FALSE,Final approved loan amount. NULL when no amount has been approved; populated for approved/funded applications as applicable.
Loan Applications Dataset,approved_term_length,INT,Yes,,,FALSE,Approved repayment term in months. NULL when no repayment term has been approved.
Loan Applications Dataset,doc_id,VARCHAR(50),No,FK,,TRUE,Foreign key referencing the underwriting policy documentation governing the decision.
Loan Applications Dataset,policy_doc_id,VARCHAR(50),Yes,FK,,TRUE,Foreign key referencing the underwriting policy documentation governing the decision.
Loan Applications Dataset,policy_version,VARCHAR(20),No,,,TRUE,Version number of the underwriting policy identified by policy_doc_id. Added by remediation to distinguish the applicable authoritative version from superseded policy versions.
Loan Applications Dataset,rule_id_triggered,VARCHAR(50),Yes,,,TRUE,Logs the specific underwriting or eligibility rule ID that triggered the decision status.
Loan Applications Dataset,active_status,VARCHAR(20),No,,Active,TRUE,"Application activity status replacing the prior Boolean active_flag. Allowed values: Active, Inactive. Active for decision_status Approved or Funded; Inactive for decision_status Denied once 6 months have elapsed after application_date. "
