applicant_id,income,employment_duration,credit_score,credit_risk_tier,region,birth_date,employment_status,housing_status,state
AP-10001,83000,78,599,Fair,Midwest,1/26/2003,employed,own,MO
AP-10002,141000,14,523,Poor,South,1/31/1985,employed,rent,GA
AP-10003,25000,197,593,Fair,Northeast,3/6/1973,retired,other,VT
AP-10004,140000,29,715,Good,Northeast,4/7/1957,employed,rent,CT
AP-10005,157000,311,802,Excellent,Northeast,12/14/1987,employed,own,RI
AP-10006,52000,340,353,Poor,Midwest,2/14/1996,employed,other,NE
AP-10007,23000,98,474,Poor,Northwest,10/17/2001,employed,other,WA
AP-10008,43000,266,738,Good,Northwest,11/20/1963,self_employed,own,WA
AP-10009,132000,72,401,Poor,Northwest,9/30/1997,employed,own,OR
AP-10010,40000,153,747,Very Good,Midwest,4/9/1952,employed,rent,NE
AP-10011,70000,238,671,Good,Midwest,12/17/1990,employed,rent,ND
AP-10012,47000,136,551,Poor,Northeast,2/20/1979,employed,other,CT
AP-10013,107000,465,824,Excellent,Northeast,3/5/1974,employed,own,NY
AP-10014,40000,263,341,Poor,Northeast,4/6/2006,self_employed,rent,RI
AP-10015,128000,245,312,Poor,Midwest,4/15/1960,employed,other,WI
AP-10016,75000,75,449,Poor,South,5/7/1954,employed,rent,KY
AP-10017,152000,379,514,Poor,Northeast,10/2/1951,employed,rent,NH
AP-10018,35000,469,501,Poor,South,3/13/1993,retired,other,DE
AP-10019,92000,458,432,Poor,Northwest,1/7/1990,employed,rent,CA
AP-10020,23000,468,369,Poor,Midwest,7/28/1969,employed,other,KS
AP-10021,90000,238,486,Poor,South,1/14/2004,employed,rent,MS
AP-10022,105000,333,470,Poor,South,2/23/1961,employed,rent,FL
AP-10023,143000,21,786,Very Good,Southwest,8/5/1982,self_employed,other,AZ
AP-10024,147000,395,787,Very Good,South,1/24/1968,employed,own,MS
AP-10025,58000,333,560,Poor,Southwest,12/16/1992,employed,other,AZ
AP-10026,100000,69,463,Poor,Northeast,3/3/1955,employed,own,VT
AP-10027,92000,96,389,Poor,South,12/4/1950,self_employed,other,VA
AP-10028,135000,142,478,Poor,Midwest,5/7/1995,employed,rent,MO
AP-10029,27000,58,568,Poor,Midwest,5/10/1983,self_employed,own,IN
AP-10030,115000,38,768,Very Good,Northwest,3/9/1992,self_employed,own,OR
AP-10031,158000,273,627,Fair,Midwest,7/20/1964,employed,other,MO
AP-10032,129000,448,636,Fair,South,3/18/2001,employed,own,GA
AP-10033,153000,22,733,Good,South,1/23/2006,employed,other,VA
AP-10034,93000,326,577,Poor,Midwest,7/2/1962,employed,other,WI
AP-10035,125000,83,312,Poor,Northeast,12/25/1976,employed,rent,ME
AP-10036,140000,371,489,Poor,Midwest,10/31/2001,employed,rent,SD
AP-10037,24000,34,698,Good,Midwest,1/7/2008,employed,rent,SD
AP-10038,135000,23,365,Poor,South,12/26/1968,employed,rent,GA
AP-10039,72000,145,684,Good,Northwest,11/15/1985,self_employed,own,WY
AP-10040,38000,100,353,Poor,South,7/31/1976,self_employed,own,SC
AP-10041,139000,294,733,Good,Northwest,11/28/1991,employed,rent,CA
AP-10042,37000,337,700,Good,Northwest,7/30/1992,employed,rent,OR
AP-10043,27000,415,522,Poor,Northwest,1/7/1951,employed,own,OR
AP-10044,45000,83,779,Very Good,Midwest,9/7/1986,self_employed,own,SD
AP-10045,50000,267,782,Very Good,Northwest,9/30/1963,employed,other,CO
AP-10046,61000,241,460,Poor,Midwest,11/28/1997,employed,rent,OH
AP-10047,48000,157,676,Good,Northwest,9/22/1974,employed,rent,AK
AP-10048,128000,60,765,Very Good,South,12/12/2001,employed,rent,MD
AP-10049,30000,51,647,Fair,Northeast,3/22/1963,employed,own,VT
AP-10050,54000,210,520,Poor,Northeast,3/3/1951,employed,other,NH
AP-10051,81000,12,675,Good,Midwest,12/2/1964,employed,other,IA
AP-10052,120000,319,845,Excellent,Northwest,10/12/1973,employed,rent,MT
AP-10053,107000,315,511,Poor,Northwest,12/16/1978,employed,own,AK
AP-10054,109000,260,390,Poor,Northwest,11/27/1964,self_employed,other,NV
AP-10055,28000,244,389,Poor,South,3/23/1972,self_employed,own,AR
AP-10056,89000,134,686,Good,Northeast,12/22/2007,employed,other,RI
AP-10057,60000,104,523,Poor,South,6/16/1997,employed,rent,SC
AP-10058,133000,399,521,Poor,Northwest,7/16/2004,employed,rent,OR
AP-10059,146000,29,546,Poor,Midwest,2/8/1972,self_employed,own,KS
AP-10060,60000,70,568,Poor,South,8/6/1978,employed,rent,FL
AP-10061,117000,288,783,Very Good,Midwest,5/14/1970,employed,other,MO
AP-10062,47000,337,556,Poor,Northeast,8/27/1973,employed,own,PA
AP-10063,115000,234,833,Excellent,Northeast,9/20/1993,self_employed,other,PA
AP-10064,114000,89,534,Poor,South,1/25/1985,employed,own,TN
AP-10065,23000,333,377,Poor,Midwest,8/12/1993,employed,other,IL
AP-10066,38000,473,672,Good,South,12/5/1964,employed,own,DC
AP-10067,78000,376,439,Poor,South,11/19/1963,employed,rent,TN
AP-10068,37000,128,683,Good,South,10/21/1978,self_employed,rent,TX
AP-10069,44000,285,307,Poor,Midwest,9/1/1977,employed,other,IA
AP-10070,159000,2,569,Poor,South,4/20/2005,employed,other,TN
AP-10071,88000,215,466,Poor,Northeast,5/11/2000,employed,other,NJ
AP-10072,158000,171,408,Poor,South,8/14/1952,employed,own,MS
AP-10073,22000,586,395,Poor,South,3/9/1971,retired,own,MD
AP-10074,43000,51,385,Poor,South,11/21/1959,employed,own,MD
AP-10075,129000,45,791,Very Good,Midwest,7/15/1965,employed,own,OH
AP-10076,54000,34,648,Fair,Northwest,6/1/1978,employed,other,WY
AP-10077,72000,176,657,Fair,Southwest,1/25/1963,employed,own,NM
AP-10078,147000,24,818,Excellent,Midwest,11/8/1974,employed,own,IN
AP-10079,49000,82,391,Poor,Northeast,8/8/1992,retired,other,CT
AP-10080,38000,255,352,Poor,Northwest,5/10/1978,employed,rent,MT
AP-10081,114000,22,746,Very Good,Midwest,12/25/1961,employed,own,IA
AP-10082,78000,227,451,Poor,Northeast,6/2/1958,employed,rent,PA
AP-10083,91000,256,593,Fair,South,7/21/1978,self_employed,other,DC
AP-10084,83000,234,638,Fair,South,9/23/1991,self_employed,rent,AL
AP-10085,106000,455,657,Fair,Northeast,12/31/1991,employed,rent,MA
AP-10086,77000,464,613,Fair,Midwest,5/21/1970,employed,own,WI
AP-10087,64000,164,726,Good,South,2/28/1990,employed,other,DE
AP-10088,110000,330,463,Poor,South,7/8/1995,employed,own,TX
AP-10089,130000,401,367,Poor,Northeast,9/26/2006,employed,rent,ME
AP-10090,48000,408,385,Poor,South,12/26/2005,employed,own,MS
AP-10091,76000,91,425,Poor,Northeast,1/31/1970,self_employed,own,PA
AP-10092,76000,126,461,Poor,Northeast,5/22/1974,employed,other,RI
AP-10093,51000,240,537,Poor,South,8/15/1991,employed,own,MD
AP-10094,85000,64,628,Fair,Northeast,4/11/1988,employed,own,ME
AP-10095,48000,321,721,Good,Northwest,12/10/2006,employed,own,NV
AP-10096,89000,304,781,Very Good,Northeast,8/21/1971,employed,rent,NJ
AP-10097,156000,187,486,Poor,South,10/8/1992,employed,own,TN
AP-10098,129000,280,700,Good,Northeast,5/6/1978,employed,own,CT
AP-10099,59000,85,580,Fair,Midwest,7/16/1997,employed,own,SD
AP-10100,124000,279,408,Poor,Northwest,6/2/2005,self_employed,other,WY
