credit_pull_event_id,applicant_id,application_id,event_date,dti_ratio,credit_score,credit_score_tier_change,pull_status,bureau_name,failure_code,provider_request_id,risk_status
EV-52504,AP-10058,APP-2024-86201,2024-01-02T18:54:53,27.87,,Not_Applicable,FAILED,TRANSUNION,TIMEOUT,REQ-TUC-45575298,Review
EV-17331,AP-10058,APP-2024-86201,2024-01-02T19:23:53,27.87,726,No_Change,SUCCESS,EXPERIAN,,REQ-EXP-80823176,Moderate Risk
EV-15695,AP-10072,APP-2024-75457,2024-01-31T08:12:14,22.06,397,No_Change,SUCCESS,TRANSUNION,,REQ-TUC-45812670,Very High Risk
EV-92397,AP-10060,APP-2024-32412,2024-02-18T04:52:55,45.36,692,Upgraded,SUCCESS,EQUIFAX,,REQ-EQF-10435578,Moderate Risk
EV-38657,AP-10100,APP-2024-40405,2024-03-05T23:29:34,22.64,480,No_Change,SUCCESS,EQUIFAX,,REQ-EQF-82340307,Very High Risk
EV-40021,AP-10066,APP-2024-26681,2024-03-21T04:13:35,24,744,No_Change,SUCCESS,EXPERIAN,,REQ-EXP-91415657,Moderate Risk
EV-48427,AP-10076,APP-2024-45871,2024-03-21T21:53:31,38.21,717,No_Change,SUCCESS,EXPERIAN,,REQ-EXP-70897765,Moderate Risk
EV-97841,AP-10025,APP-2024-52522,2024-04-11T12:10:47,28.74,773,No_Change,SUCCESS,EQUIFAX,,REQ-EQF-25014631,Low Risk
EV-42098,AP-10024,APP-2024-88502,2024-04-15T13:45:52,24.03,766,No_Change,SUCCESS,EXPERIAN,,REQ-EXP-52235350,Low Risk
EV-98696,AP-10096,APP-2024-70469,2024-04-23T19:21:27,23.33,692,No_Change,SUCCESS,TRANSUNION,,REQ-TUC-63100814,Moderate Risk
EV-54118,AP-10061,APP-2024-55725,2024-06-14T13:51:44,19.29,813,No_Change,SUCCESS,EQUIFAX,,REQ-EQF-61220073,Low Risk
EV-87397,AP-10081,APP-2024-97311,2024-06-15T06:35:25,25.19,723,No_Change,SUCCESS,EXPERIAN,,REQ-EXP-29175900,Moderate Risk
EV-91070,AP-10079,APP-2024-73921,2024-06-26T16:44:51,22.56,594,No_Change,SUCCESS,TRANSUNION,,REQ-TUC-45351479,High Risk
EV-81426,AP-10093,APP-2024-34238,2024-06-28T04:15:07,19.49,769,Upgraded,SUCCESS,EXPERIAN,,REQ-EXP-28566572,Low Risk
EV-62581,AP-10013,APP-2024-84897,2024-07-01T11:27:19,32.46,,Not_Applicable,PENDING,TRANSUNION,,REQ-TUC-82383095,Review
EV-56566,AP-10097,APP-2024-83607,2024-07-15T04:02:26,23.62,583,No_Change,SUCCESS,EQUIFAX,,REQ-EQF-75579548,High Risk
EV-22156,AP-10039,APP-2024-60902,2024-07-26T03:14:31,19.23,,Not_Applicable,PENDING,EXPERIAN,,REQ-EXP-72820592,Review
EV-22280,AP-10019,APP-2024-71512,2024-08-19T13:08:47,29.98,737,No_Change,SUCCESS,EQUIFAX,,REQ-EQF-85345555,Moderate Risk
EV-89840,AP-10012,APP-2024-00351,2024-08-31T03:57:32,25.15,702,Upgraded,SUCCESS,TRANSUNION,,REQ-TUC-42329237,Moderate Risk
EV-83000,AP-10069,APP-2024-43229,2024-09-06T19:59:06,35.5,562,No_Change,SUCCESS,EXPERIAN,,REQ-EXP-73791320,Very High Risk
EV-13905,AP-10006,APP-2024-97155,2024-09-08T00:12:45,30.99,441,No_Change,SUCCESS,EQUIFAX,,REQ-EQF-43101783,Very High Risk
EV-54597,AP-10077,APP-2024-86357,2024-09-20T14:33:13,28.67,725,No_Change,SUCCESS,TRANSUNION,,REQ-TUC-66661351,Moderate Risk
EV-30926,AP-10051,APP-2024-80677,2024-09-27T08:12:34,8.6,799,No_Change,SUCCESS,TRANSUNION,,REQ-TUC-94214382,Low Risk
EV-45382,AP-10086,APP-2024-61670,2024-09-29T03:35:01,37.58,727,No_Change,SUCCESS,TRANSUNION,,REQ-TUC-27232410,Moderate Risk
EV-88907,AP-10021,APP-2024-54041,2024-10-02T00:59:26,28.28,606,No_Change,SUCCESS,TRANSUNION,,REQ-TUC-67503414,High Risk
EV-20328,AP-10002,APP-2024-06591,2024-10-09T07:20:57,22.74,711,No_Change,SUCCESS,TRANSUNION,,REQ-TUC-68353204,Moderate Risk
EV-40495,AP-10068,APP-2024-89400,2024-11-22T08:13:15,24.64,743,Upgraded,SUCCESS,EXPERIAN,,REQ-EXP-45264581,Moderate Risk
EV-36062,AP-10009,APP-2024-03102,2024-12-12T07:11:32,27.74,486,No_Change,SUCCESS,TRANSUNION,,REQ-TUC-58586340,Very High Risk
EV-55082,AP-10008,APP-2024-35615,2024-12-30T06:33:15,24.93,804,No_Change,SUCCESS,TRANSUNION,,REQ-TUC-11540956,Low Risk
EV-46421,AP-10005,APP-2024-88185,2024-12-30T20:32:09,38.25,850,No_Change,SUCCESS,EQUIFAX,,REQ-EQF-90048665,Low Risk
EV-59823,AP-10094,APP-2025-94382,2025-01-09T22:24:20,26.48,671,No_Change,SUCCESS,TRANSUNION,,REQ-TUC-60185867,Moderate Risk
EV-81482,AP-10031,APP-2025-48435,2025-01-14T11:34:59,22.4,804,No_Change,SUCCESS,EXPERIAN,,REQ-EXP-96282117,Low Risk
EV-47930,AP-10004,APP-2025-11360,2025-01-16T08:43:23,34.25,738,No_Change,SUCCESS,TRANSUNION,,REQ-TUC-78137358,Moderate Risk
EV-13478,AP-10098,APP-2025-34971,2025-01-20T12:20:43,29.58,,Not_Applicable,PENDING,EQUIFAX,,REQ-EQF-88320463,Review
EV-40512,AP-10042,APP-2025-44609,2025-02-05T08:04:33,22.52,,Not_Applicable,FAILED,EXPERIAN,NO_FILE_FOUND,REQ-EXP-36697396,Review
EV-23238,AP-10042,APP-2025-44609,2025-02-05T10:01:33,22.52,746,No_Change,SUCCESS,TRANSUNION,,REQ-TUC-30513739,Moderate Risk
EV-28289,AP-10057,APP-2025-26773,2025-02-09T02:02:59,31.42,812,Downgraded,SUCCESS,EXPERIAN,,REQ-EXP-97971488,Low Risk
EV-32431,AP-10026,APP-2025-81928,2025-02-14T23:18:40,28.57,620,No_Change,SUCCESS,TRANSUNION,,REQ-TUC-20570592,Very High Risk
EV-80010,AP-10030,APP-2025-18644,2025-02-16T15:29:46,37.7,800,Upgraded,SUCCESS,EQUIFAX,,REQ-EQF-21496211,Low Risk
EV-39871,AP-10041,APP-2025-80729,2025-02-23T13:24:05,24.65,747,No_Change,SUCCESS,TRANSUNION,,REQ-TUC-95758349,Moderate Risk
EV-31417,AP-10084,APP-2025-65598,2025-02-26T22:04:25,23.39,678,No_Change,SUCCESS,TRANSUNION,,REQ-TUC-19289546,Moderate Risk
EV-57052,AP-10032,APP-2025-68328,2025-03-06T18:54:59,25.15,815,No_Change,SUCCESS,EXPERIAN,,REQ-EXP-84252722,Low Risk
EV-95181,AP-10001,APP-2025-46026,2025-03-09T14:32:02,32.19,806,No_Change,SUCCESS,EXPERIAN,,REQ-EXP-39436733,Low Risk
EV-93227,AP-10043,APP-2025-92663,2025-03-23T13:19:43,25.87,629,No_Change,SUCCESS,EXPERIAN,,REQ-EXP-86149359,High Risk
EV-19116,AP-10090,APP-2025-89688,2025-04-13T11:49:02,19.95,731,No_Change,SUCCESS,EXPERIAN,,REQ-EXP-24282218,Moderate Risk
EV-58520,AP-10064,APP-2025-01855,2025-04-14T13:21:09,32.12,707,No_Change,SUCCESS,TRANSUNION,,REQ-TUC-53507489,Moderate Risk
EV-57819,AP-10067,APP-2025-15671,2025-05-05T04:28:48,36.16,638,No_Change,SUCCESS,EQUIFAX,,REQ-EQF-10076758,High Risk
EV-70589,AP-10018,APP-2025-79130,2025-05-15T17:01:10,26.13,598,Downgraded,SUCCESS,EQUIFAX,,REQ-EQF-81498611,High Risk
EV-46463,AP-10027,APP-2025-52744,2025-05-21T16:58:48,17.45,,Not_Applicable,FAILED,EXPERIAN,BUREAU_UNAVAILABLE,REQ-EXP-24716857,Review
EV-10851,AP-10027,APP-2025-52744,2025-05-21T17:27:48,17.45,672,No_Change,SUCCESS,TRANSUNION,,REQ-TUC-30514014,Moderate Risk
EV-93320,AP-10036,APP-2025-46113,2025-05-28T20:47:36,22.39,705,No_Change,SUCCESS,TRANSUNION,,REQ-TUC-81182864,Moderate Risk
EV-80284,AP-10078,APP-2025-87671,2025-06-06T03:49:03,34.29,850,Upgraded,SUCCESS,EXPERIAN,,REQ-EXP-55657579,Low Risk
EV-96673,AP-10046,APP-2025-83308,2025-07-16T15:20:55,31.35,670,No_Change,SUCCESS,EXPERIAN,,REQ-EXP-50056581,Moderate Risk
EV-16006,AP-10017,APP-2025-09039,2025-07-29T15:53:01,19.53,765,No_Change,SUCCESS,EQUIFAX,,REQ-EQF-93926371,Low Risk
EV-35203,AP-10080,APP-2025-51991,2025-08-06T00:27:27,29.02,785,No_Change,SUCCESS,EQUIFAX,,REQ-EQF-78139880,Low Risk
EV-20458,AP-10015,APP-2025-44093,2025-08-11T17:44:43,38.07,323,No_Change,SUCCESS,TRANSUNION,,REQ-TUC-91734598,Very High Risk
EV-82357,AP-10033,APP-2025-36472,2025-08-11T22:50:59,41.58,822,No_Change,SUCCESS,TRANSUNION,,REQ-TUC-31227574,Low Risk
EV-89131,AP-10062,APP-2025-90958,2025-08-18T00:35:26,12.48,795,Upgraded,SUCCESS,EXPERIAN,,REQ-EXP-25374874,Low Risk
EV-38221,AP-10095,APP-2025-64800,2025-08-19T11:45:17,20.97,786,No_Change,SUCCESS,EQUIFAX,,REQ-EQF-61642594,Low Risk
EV-93810,AP-10099,APP-2025-34761,2025-08-29T11:58:41,35.5,682,No_Change,SUCCESS,EXPERIAN,,REQ-EXP-45935572,High Risk
EV-76237,AP-10037,APP-2025-81352,2025-09-23T06:50:49,31.25,793,No_Change,SUCCESS,EQUIFAX,,REQ-EQF-88461803,Low Risk
EV-70217,AP-10007,APP-2025-70546,2025-10-12T22:14:44,35.5,390,No_Change,SUCCESS,TRANSUNION,,REQ-TUC-96028436,Very High Risk
EV-14165,AP-10065,APP-2025-36266,2025-10-20T00:02:57,19.39,773,No_Change,SUCCESS,EXPERIAN,,REQ-EXP-28740864,Low Risk
EV-94939,AP-10056,APP-2025-40027,2025-10-28T03:56:06,27.43,773,No_Change,SUCCESS,EXPERIAN,,REQ-EXP-42138745,Low Risk
EV-65392,AP-10089,APP-2025-76020,2025-10-29T19:23:30,31.44,648,No_Change,SUCCESS,TRANSUNION,,REQ-TUC-31472420,High Risk
EV-64987,AP-10071,APP-2025-45310,2025-11-06T01:42:40,27.61,,Not_Applicable,FAILED,TRANSUNION,AUTH_ERROR,REQ-TUC-78387461,Review
EV-38893,AP-10071,APP-2025-45310,2025-11-06T02:52:40,27.61,780,Upgraded,SUCCESS,EQUIFAX,,REQ-EQF-76238574,Low Risk
EV-68878,AP-10044,APP-2025-00222,2025-11-08T09:24:09,12.18,678,No_Change,SUCCESS,TRANSUNION,,REQ-TUC-22201654,Moderate Risk
EV-37460,AP-10045,APP-2025-44658,2025-11-15T05:52:01,21.61,773,No_Change,SUCCESS,EQUIFAX,,REQ-EQF-12614124,Low Risk
EV-23434,AP-10075,APP-2025-41442,2025-12-11T06:34:03,20.2,850,No_Change,SUCCESS,EXPERIAN,,REQ-EXP-77005685,Moderate Risk
EV-44671,AP-10014,APP-2025-54497,2025-12-24T18:55:01,21.36,800,No_Change,SUCCESS,EQUIFAX,,REQ-EQF-82070937,Low Risk
EV-83563,AP-10034,APP-2026-29155,2026-01-01T04:35:45,29.65,795,No_Change,SUCCESS,TRANSUNION,,REQ-TUC-63606628,Low Risk
EV-30379,AP-10082,APP-2026-80121,2026-01-08T02:22:00,28.84,776,Downgraded,SUCCESS,TRANSUNION,,REQ-TUC-18526544,Low Risk
EV-14207,AP-10016,APP-2026-15916,2026-01-22T23:21:56,13,696,No_Change,SUCCESS,EXPERIAN,,REQ-EXP-66792612,Moderate Risk
EV-46434,AP-10087,APP-2026-58744,2026-02-01T11:08:44,26.7,748,No_Change,SUCCESS,EQUIFAX,,REQ-EQF-31682744,Moderate Risk
EV-93886,AP-10023,APP-2026-11960,2026-02-02T20:51:59,33.99,797,No_Change,SUCCESS,TRANSUNION,,REQ-TUC-98550256,Low Risk
EV-59797,AP-10092,APP-2026-55934,2026-02-23T03:29:38,19.34,,Not_Applicable,FAILED,EQUIFAX,NO_FILE_FOUND,REQ-EQF-81016525,Review
EV-22676,AP-10092,APP-2026-55934,2026-02-23T05:24:38,19.34,498,No_Change,SUCCESS,EXPERIAN,,REQ-EXP-43744231,Very High Risk
EV-31319,AP-10047,APP-2026-78223,2026-03-25T23:52:48,28.23,838,No_Change,SUCCESS,EQUIFAX,,REQ-EQF-90388981,Low Risk
EV-21395,AP-10003,APP-2026-01026,2026-04-01T16:20:18,27.72,732,No_Change,SUCCESS,EQUIFAX,,REQ-EQF-71586053,Moderate Risk
EV-46048,AP-10085,APP-2026-20636,2026-04-05T01:49:03,16.11,768,No_Change,SUCCESS,EQUIFAX,,REQ-EQF-86125617,Low Risk
EV-13278,AP-10049,APP-2026-07990,2026-04-22T06:30:08,29.68,822,No_Change,SUCCESS,EXPERIAN,,REQ-EXP-38317637,Low Risk
EV-38785,AP-10040,APP-2026-04810,2026-05-04T13:05:17,24.6,,Not_Applicable,FAILED,EQUIFAX,SSN_MISMATCH,REQ-EQF-83793389,Review
EV-99733,AP-10040,APP-2026-04810,2026-05-04T13:42:17,24.6,524,No_Change,SUCCESS,EXPERIAN,,REQ-EXP-32162965,Very High Risk
EV-51347,AP-10022,APP-2026-01793,2026-05-05T16:46:00,22.41,759,No_Change,SUCCESS,EQUIFAX,,REQ-EQF-38427073,Low Risk
EV-24592,AP-10074,APP-2026-86753,2026-05-13T08:32:41,36.13,340,No_Change,SUCCESS,EQUIFAX,,REQ-EQF-18883684,Very High Risk
EV-23396,AP-10011,APP-2026-32663,2026-05-15T21:35:39,8.33,,Not_Applicable,PENDING,TRANSUNION,,REQ-TUC-89978790,Review
EV-44993,AP-10063,APP-2026-39825,2026-05-24T08:10:51,27.2,848,No_Change,SUCCESS,EQUIFAX,,REQ-EQF-58718453,Low Risk
EV-42087,AP-10010,APP-2026-37829,2026-06-03T05:34:36,23.16,806,No_Change,SUCCESS,EQUIFAX,,REQ-EQF-75228535,Low Risk
EV-59735,AP-10020,APP-2026-76956,2026-06-12T12:58:37,35.91,708,No_Change,SUCCESS,EXPERIAN,,REQ-EXP-26879290,Moderate Risk
EV-69429,AP-10035,APP-2026-48369,2026-06-22T09:57:49,16.82,702,Upgraded,SUCCESS,EXPERIAN,,REQ-EXP-82394227,Moderate Risk
EV-39256,AP-10029,APP-2026-05210,2026-07-12T13:16:50,29.35,727,No_Change,SUCCESS,EXPERIAN,,REQ-EXP-38538251,Moderate Risk
EV-57400,AP-10028,APP-2026-98033,2026-08-01T07:49:38,21.34,,Not_Applicable,FAILED,EQUIFAX,SSN_MISMATCH,REQ-EQF-77187530,Review
EV-85674,AP-10028,APP-2026-98033,2026-08-01T08:07:38,21.34,772,No_Change,SUCCESS,TRANSUNION,,REQ-TUC-33978249,Low Risk
EV-99593,AP-10053,APP-2026-29582,2026-08-18T16:18:26,30.76,781,No_Change,SUCCESS,TRANSUNION,,REQ-TUC-51273847,Low Risk
EV-26361,AP-10038,APP-2026-70009,2026-08-24T15:25:15,29.82,,Not_Applicable,FAILED,TRANSUNION,AUTH_ERROR,REQ-TUC-24972279,Review
EV-59615,AP-10038,APP-2026-70009,2026-08-24T16:42:15,29.82,734,No_Change,SUCCESS,EQUIFAX,,REQ-EQF-49392920,Moderate Risk
EV-87236,AP-10091,APP-2026-41146,2026-08-26T00:55:03,20.36,839,No_Change,SUCCESS,EXPERIAN,,REQ-EXP-16323852,Low Risk
EV-19358,AP-10054,APP-2026-27660,2026-08-29T16:53:26,34.77,773,No_Change,SUCCESS,EXPERIAN,,REQ-EXP-17774584,Low Risk
EV-65302,AP-10070,APP-2026-34601,2026-09-12T06:06:17,24.29,697,No_Change,SUCCESS,EQUIFAX,,REQ-EQF-45551614,Moderate Risk
