application_id,application_date,applicant_id,product_code,decision_date,decision_status,approved_amount,approved_term_length,doc_id,policy_doc_id,doc_version_id,rule_id_triggered,status
APP-2024-86201,2024-01-01T10:54:53,AP-10058,REV-02,2024-01-03T03:11:53,Denied,0,0,FIN-POL-001,FIN-POL-001,v1,UW-CRD-001,Inactive
APP-2024-75457,2024-01-31T07:12:14,AP-10072,MNT-01,2024-01-31T10:17:14,Denied,0,0,FIN-POL-001,FIN-POL-001,v1,UW-CRD-001,Inactive
APP-2024-32412,2024-02-16T16:52:55,AP-10060,REV-02,2024-02-19T18:13:55,Denied,0,0,FIN-POL-001,FIN-POL-001,v1,UW-CRD-001,Inactive
APP-2024-40405,2024-03-05T08:29:34,AP-10100,MNT-01,2024-03-08T06:08:34,Denied,0,0,FIN-POL-001,FIN-POL-001,v1,UW-CRD-001,Inactive
APP-2024-26681,2024-03-19T16:13:35,AP-10066,MNT-01,2024-03-21T15:54:35,Under Review,0,0,FIN-POL-001,FIN-POL-001,v1,UW-INC-001,Active
APP-2024-45871,2024-03-20T13:53:31,AP-10076,MNT-01,2024-03-23T17:13:31,Under Review,0,0,FIN-POL-001,FIN-POL-001,v1,UW-DTI-001,Active
APP-2024-52522,2024-04-11T06:10:47,AP-10025,REV-02,2024-04-13T01:33:47,Funded,19,60,FIN-POL-001,FIN-POL-001,v1,UW-APP-001,Active
APP-2024-88502,2024-04-14T02:45:52,AP-10024,MNT-01,2024-04-16T17:04:52,Funded,24,36,FIN-POL-001,FIN-POL-001,v1,UW-APP-001,Active
APP-2024-70469,2024-04-22T16:21:27,AP-10096,MNT-01,2024-04-27T08:26:27,Funded,12,48,FIN-POL-001,FIN-POL-001,v1,UW-APP-001,Active
APP-2024-67024,2024-05-21T06:58:09,AP-10059,MNT-01,2024-05-24T01:49:09,Under Review,0,0,FIN-POL-001,FIN-POL-001,v1,UW-CRD-004,Active
APP-2024-55725,2024-06-13T17:51:44,AP-10061,MNT-01,2024-06-17T03:55:44,Funded,21,24,FIN-POL-001,FIN-POL-001,v1,UW-APP-001,Active
APP-2024-97311,2024-06-13T18:35:25,AP-10081,MNT-01,2024-06-17T21:50:25,Funded,8,36,FIN-POL-001,FIN-POL-001,v1,UW-APP-001,Active
APP-2024-46553,2024-06-20T15:28:03,AP-10083,MNT-01,2024-06-23T02:05:03,Under Review,0,0,FIN-POL-001,FIN-POL-001,v1,UW-CRD-004,Active
APP-2024-73921,2024-06-25T04:44:51,AP-10079,REV-02,2024-06-27T17:48:51,Denied,0,0,FIN-POL-001,FIN-POL-001,v1,UW-CRD-001,Inactive
APP-2024-34238,2024-06-27T17:15:07,AP-10093,REV-02,2024-07-01T08:38:07,Funded,8,36,FIN-POL-001,FIN-POL-001,v1,UW-APP-001,Active
APP-2024-84897,2024-06-30T08:27:19,AP-10013,MNT-01,2024-07-05T10:45:19,Under Review,0,0,FIN-POL-001,FIN-POL-001,v1,UW-CRD-003,Active
APP-2024-83607,2024-07-14T05:02:26,AP-10097,MNT-01,2024-07-17T02:03:26,Denied,0,0,FIN-POL-001,FIN-POL-001,v1,UW-CRD-001,Inactive
APP-2024-60902,2024-07-25T03:14:31,AP-10039,MNT-01,2024-07-28T14:14:31,Under Review,0,0,FIN-POL-001,FIN-POL-001,v1,UW-CRD-003,Active
APP-2024-18012,2024-08-05T12:47:11,AP-10048,REV-02,2024-08-08T11:37:11,Under Review,0,0,FIN-POL-001,FIN-POL-001,v1,UW-CRD-004,Active
APP-2024-13350,2024-08-16T20:32:09,AP-10088,REV-02,2024-08-18T23:49:09,Under Review,0,0,FIN-POL-001,FIN-POL-001,v1,UW-CRD-004,Active
APP-2024-71512,2024-08-18T09:08:47,AP-10019,REV-02,2024-08-22T01:40:47,Denied,0,0,FIN-POL-001,FIN-POL-001,v1,UW-CRD-001,Inactive
APP-2024-00351,2024-08-30T20:57:32,AP-10012,MNT-01,2024-08-31T10:40:32,Funded,4,24,FIN-POL-001,FIN-POL-001,v1,UW-APP-001,Active
APP-2024-43229,2024-09-06T07:59:06,AP-10069,MNT-01,2024-09-10T04:03:06,Denied,0,0,FIN-POL-001,FIN-POL-001,v1,UW-CRD-001,Inactive
APP-2024-97155,2024-09-06T21:12:45,AP-10006,MNT-01,2024-09-08T10:44:45,Denied,0,0,FIN-POL-001,FIN-POL-001,v1,UW-CRD-001,Inactive
APP-2024-86357,2024-09-20T09:33:13,AP-10077,MNT-01,2024-09-24T08:55:13,Funded,24,48,FIN-POL-001,FIN-POL-001,v1,UW-APP-001,Active
APP-2024-80677,2024-09-26T04:12:34,AP-10051,REV-02,2024-09-29T11:41:34,Funded,19,60,FIN-POL-001,FIN-POL-001,v1,UW-APP-001,Active
APP-2024-61670,2024-09-28T03:35:01,AP-10086,MNT-01,2024-10-01T23:03:01,Under Review,0,0,FIN-POL-001,FIN-POL-001,v1,UW-DTI-001,Active
APP-2024-54041,2024-10-01T19:59:26,AP-10021,MNT-01,2024-10-03T13:47:26,Denied,0,0,FIN-POL-001,FIN-POL-001,v1,UW-CRD-001,Inactive
APP-2024-06591,2024-10-09T06:20:57,AP-10002,MNT-01,2024-10-11T20:52:57,Funded,33,36,FIN-POL-001,FIN-POL-001,v1,UW-APP-001,Active
APP-2024-89400,2024-11-22T04:13:15,AP-10068,MNT-01,2024-11-22T21:29:15,Under Review,0,0,FIN-POL-001,FIN-POL-001,v1,UW-INC-001,Active
APP-2024-03102,2024-12-12T01:11:32,AP-10009,REV-02,2024-12-14T10:39:32,Denied,0,0,FIN-POL-001,FIN-POL-001,v1,UW-CRD-001,Inactive
APP-2024-35615,2024-12-29T23:33:15,AP-10008,REV-02,2025-01-02T02:11:15,Funded,9,24,FIN-POL-001,FIN-POL-001,v1,UW-APP-001,Active
APP-2024-88185,2024-12-30T10:32:09,AP-10005,MNT-01,2025-01-02T21:09:09,Under Review,0,0,FIN-POL-001,FIN-POL-001,v1,UW-DTI-001,Active
APP-2025-94382,2025-01-08T22:24:20,AP-10094,MNT-01,2025-01-11T15:54:20,Funded,7,48,FIN-POL-001,FIN-POL-001,v2,UW-APP-001,Active
APP-2025-48435,2025-01-13T23:34:59,AP-10031,REV-02,2025-01-16T09:04:59,Funded,24,24,FIN-POL-001,FIN-POL-001,v2,UW-APP-001,Active
APP-2025-11360,2025-01-15T03:43:23,AP-10004,MNT-01,2025-01-18T01:11:23,Funded,31,48,FIN-POL-001,FIN-POL-001,v2,UW-APP-001,Active
APP-2025-34971,2025-01-19T09:20:43,AP-10098,MNT-01,2025-01-22T20:07:43,Under Review,0,0,FIN-POL-001,FIN-POL-001,v2,UW-CRD-003,Active
APP-2025-44609,2025-02-04T15:04:33,AP-10042,MNT-01,2025-02-07T17:28:33,Under Review,0,0,FIN-POL-001,FIN-POL-001,v2,UW-INC-001,Active
APP-2025-26773,2025-02-08T19:02:59,AP-10057,REV-02,2025-02-12T16:40:59,Under Review,0,0,FIN-POL-001,FIN-POL-001,v2,UW-CRD-004,Active
APP-2025-81928,2025-02-14T03:18:40,AP-10026,MNT-01,2025-02-17T23:58:40,Under Review,0,0,FIN-POL-001,FIN-POL-001,v2,UW-CRD-002,Active
APP-2025-18644,2025-02-16T12:29:46,AP-10030,MNT-01,2025-02-19T12:42:46,Under Review,0,0,FIN-POL-001,FIN-POL-001,v2,UW-DTI-001,Active
APP-2025-80729,2025-02-22T23:24:05,AP-10041,MNT-01,2025-02-24T08:30:05,Funded,8,48,FIN-POL-001,FIN-POL-001,v2,UW-APP-001,Active
APP-2025-65598,2025-02-25T19:04:25,AP-10084,MNT-01,2025-02-27T16:47:25,Funded,11,24,FIN-POL-001,FIN-POL-001,v2,UW-APP-001,Active
APP-2025-68328,2025-03-06T09:54:59,AP-10032,REV-02,2025-03-07T00:35:59,Funded,19,36,FIN-POL-001,FIN-POL-001,v2,UW-APP-001,Active
APP-2025-46026,2025-03-08T20:32:02,AP-10001,REV-02,2025-03-11T01:33:02,Funded,8,36,FIN-POL-001,FIN-POL-001,v2,UW-APP-001,Active
APP-2025-92663,2025-03-22T17:19:43,AP-10043,REV-02,2025-03-24T17:01:43,Denied,0,0,FIN-POL-001,FIN-POL-001,v2,UW-CRD-001,Inactive
APP-2025-89688,2025-04-13T04:49:02,AP-10090,REV-02,2025-04-17T01:50:02,Denied,0,0,FIN-POL-001,FIN-POL-001,v2,UW-CRD-001,Inactive
APP-2025-01855,2025-04-13T15:21:09,AP-10064,REV-02,2025-04-14T22:24:09,Denied,0,0,FIN-POL-001,FIN-POL-001,v2,UW-CRD-001,Inactive
APP-2025-55694,2025-04-16T22:27:56,AP-10055,REV-02,2025-04-20T17:59:56,Under Review,0,0,FIN-POL-001,FIN-POL-001,v2,UW-CRD-004,Active
APP-2025-15671,2025-05-05T00:28:48,AP-10067,REV-02,2025-05-07T12:00:48,Denied,0,0,FIN-POL-001,FIN-POL-001,v2,UW-CRD-001,Inactive
APP-2025-79130,2025-05-14T05:01:10,AP-10018,REV-02,2025-05-19T16:28:10,Under Review,0,0,FIN-POL-001,FIN-POL-001,v2,UW-CRD-004,Active
APP-2025-52744,2025-05-21T10:58:48,AP-10027,MNT-01,2025-05-23T20:57:48,Funded,25,24,FIN-POL-001,FIN-POL-001,v2,UW-APP-001,Active
APP-2025-46113,2025-05-27T08:47:36,AP-10036,MNT-01,2025-05-31T03:16:36,Funded,43,60,FIN-POL-001,FIN-POL-001,v2,UW-APP-001,Active
APP-2025-87671,2025-06-04T23:49:03,AP-10078,MNT-01,2025-06-08T00:36:03,Funded,25,36,FIN-POL-001,FIN-POL-001,v2,UW-APP-001,Active
APP-2025-83308,2025-07-16T14:20:55,AP-10046,MNT-01,2025-07-19T21:46:55,Funded,6,24,FIN-POL-001,FIN-POL-001,v2,UW-APP-001,Active
APP-2025-09039,2025-07-28T12:53:01,AP-10017,REV-02,2025-08-02T14:25:01,Pending,24,48,FIN-POL-001,FIN-POL-001,v2,UW-APP-001,Active
APP-2025-51991,2025-08-05T02:27:27,AP-10080,REV-02,2025-08-09T04:26:27,Under Review,0,0,FIN-POL-001,FIN-POL-001,v2,UW-INC-001,Active
APP-2025-44093,2025-08-11T08:44:43,AP-10015,REV-02,2025-08-14T05:01:43,Denied,0,0,FIN-POL-001,FIN-POL-001,v2,UW-CRD-001,Inactive
APP-2025-36472,2025-08-11T09:50:59,AP-10033,REV-02,2025-08-14T14:54:59,Under Review,0,0,FIN-POL-001,FIN-POL-001,v2,UW-DTI-001,Active
APP-2025-90958,2025-08-17T03:35:26,AP-10062,REV-02,2025-08-19T09:49:26,Funded,7,24,FIN-POL-001,FIN-POL-001,v2,UW-APP-001,Active
APP-2025-64800,2025-08-18T14:45:17,AP-10095,MNT-01,2025-08-21T02:55:17,Funded,16,36,FIN-POL-001,FIN-POL-001,v2,UW-APP-001,Active
APP-2025-34761,2025-08-29T02:58:41,AP-10099,MNT-01,2025-08-30T12:54:41,Under Review,0,0,FIN-POL-001,FIN-POL-001,v2,UW-CRD-002,Active
APP-2025-81352,2025-09-22T03:50:49,AP-10037,REV-02,2025-09-25T10:45:49,Denied,0,0,FIN-POL-001,FIN-POL-001,v2,UW-AGE-001,Inactive
APP-2025-70546,2025-10-12T02:14:44,AP-10007,MNT-01,2025-10-15T18:09:44,Denied,0,0,FIN-POL-001,FIN-POL-001,v2,UW-CRD-001,Inactive
APP-2025-36266,2025-10-19T16:02:57,AP-10065,REV-02,2025-10-23T08:32:57,Under Review,0,0,FIN-POL-001,FIN-POL-001,v2,UW-INC-001,Active
APP-2025-40027,2025-10-26T15:56:06,AP-10056,MNT-01,2025-11-01T00:43:06,Denied,0,0,FIN-POL-001,FIN-POL-001,v2,UW-AGE-001,Inactive
APP-2025-76020,2025-10-29T04:23:30,AP-10089,REV-02,2025-11-02T08:56:30,Denied,0,0,FIN-POL-001,FIN-POL-001,v2,UW-CRD-001,Inactive
APP-2025-45310,2025-11-04T21:42:40,AP-10071,REV-02,2025-11-08T06:32:40,Funded,25,48,FIN-POL-001,FIN-POL-001,v2,UW-APP-001,Active
APP-2025-00222,2025-11-07T17:24:09,AP-10044,MNT-01,2025-11-08T22:13:09,Funded,13,48,FIN-POL-001,FIN-POL-001,v2,UW-APP-001,Active
APP-2025-44658,2025-11-15T02:52:01,AP-10045,MNT-01,2025-11-19T05:49:01,Funded,13,36,FIN-POL-001,FIN-POL-001,v2,UW-APP-001,Active
APP-2025-41442,2025-12-11T03:34:03,AP-10075,REV-02,2025-12-11T12:38:03,Under Review,0,0,FIN-POL-001,FIN-POL-001,v2,UW-CRD-002,Active
APP-2025-54497,2025-12-23T22:55:01,AP-10014,REV-02,2025-12-28T10:43:01,Funded,11,48,FIN-POL-001,FIN-POL-001,v2,UW-APP-001,Active
APP-2026-29155,2026-01-01T00:00:00,AP-10034,REV-02,2026-01-03T09:01:45,Funded,10,48,FIN-POL-001,FIN-POL-001,v3,UW-APP-001,Active
APP-2026-80121,2026-01-07T22:22:00,AP-10082,REV-02,2026-01-11T09:49:00,Under Review,0,0,FIN-POL-001,FIN-POL-001,v3,UW-CRD-004,Active
APP-2026-15916,2026-01-22T04:21:56,AP-10016,REV-02,2026-01-23T18:28:56,Denied,0,0,FIN-RULE-001,FIN-POL-001,v3,UW-CRD-001,Inactive
APP-2026-58744,2026-02-01T07:08:44,AP-10087,MNT-01,2026-02-03T17:39:44,Funded,14,48,FIN-POL-001,FIN-POL-001,v3,UW-APP-001,Active
APP-2026-11960,2026-02-01T09:51:59,AP-10023,MNT-01,2026-02-05T02:58:59,Funded,49,24,FIN-POL-001,FIN-POL-001,v3,UW-APP-001,Active
APP-2026-64412,2026-02-18T23:24:34,AP-10052,MNT-01,2026-02-22T01:22:34,Under Review,0,0,FIN-POL-001,FIN-POL-001,v3,UW-CRD-004,Active
APP-2026-55934,2026-02-22T07:29:38,AP-10092,REV-02,2026-02-23T18:48:38,Denied,0,0,FIN-RULE-001,FIN-POL-001,v3,UW-CRD-001,Inactive
APP-2026-78223,2026-03-25T06:52:48,AP-10047,REV-02,2026-03-27T06:55:48,Funded,13,60,FIN-POL-001,FIN-POL-001,v3,UW-APP-001,Active
APP-2026-01026,2026-04-01T08:20:18,AP-10003,MNT-01,2026-04-05T05:45:18,Under Review,0,0,FIN-POL-001,FIN-POL-001,v3,UW-INC-001,Active
APP-2026-20636,2026-04-04T20:49:03,AP-10085,MNT-01,2026-04-08T10:09:03,Pending,21,24,FIN-POL-001,FIN-POL-001,v3,UW-APP-001,Active
APP-2026-07990,2026-04-21T19:30:08,AP-10049,REV-02,2026-04-25T06:20:08,Under Review,0,0,FIN-POL-001,FIN-POL-001,v3,UW-INC-001,Active
APP-2026-04810,2026-05-03T18:05:17,AP-10040,REV-02,2026-05-07T01:48:17,Denied,0,0,FIN-RULE-001,FIN-POL-001,v3,UW-CRD-001,Active
APP-2026-01793,2026-05-05T09:46:00,AP-10022,REV-02,2026-05-09T11:29:00,Pending,18,60,FIN-POL-001,FIN-POL-001,v3,UW-APP-001,Active
APP-2026-86753,2026-05-13T05:32:41,AP-10074,REV-02,2026-05-14T03:20:41,Denied,0,0,FIN-RULE-001,FIN-POL-001,v3,UW-CRD-001,Active
APP-2026-32663,2026-05-14T13:35:39,AP-10011,REV-02,2026-05-16T11:32:39,Under Review,0,0,FIN-POL-001,FIN-POL-001,v3,UW-CRD-003,Active
APP-2026-39825,2026-05-23T21:10:51,AP-10063,MNT-01,2026-05-28T02:03:51,Funded,34,36,FIN-POL-001,FIN-POL-001,v3,UW-APP-001,Active
APP-2026-37829,2026-06-01T22:34:36,AP-10010,REV-02,2026-06-04T05:04:36,Funded,5,48,FIN-POL-001,FIN-POL-001,v3,UW-APP-001,Active
APP-2026-73089,2026-06-06T09:53:46,AP-10050,REV-02,2026-06-09T07:13:46,Under Review,0,0,FIN-POL-001,FIN-POL-001,v3,UW-CRD-004,Active
APP-2026-76956,2026-06-12T04:58:37,AP-10020,REV-02,2026-06-13T01:12:37,Denied,0,0,FIN-RULE-001,FIN-POL-001,v3,UW-CRD-001,Active
APP-2026-48369,2026-06-21T01:57:49,AP-10035,MNT-01,2026-06-26T04:08:49,Funded,21,36,FIN-POL-001,FIN-POL-001,v3,UW-APP-001,Active
APP-2026-05210,2026-07-11T19:16:50,AP-10029,MNT-01,2026-07-12T20:05:50,Under Review,0,0,FIN-POL-001,FIN-POL-001,v3,UW-INC-001,Active
APP-2026-98033,2026-07-30T21:49:38,AP-10028,REV-02,2026-08-02T12:59:38,Funded,21,48,FIN-POL-001,FIN-POL-001,v3,UW-APP-001,Active
APP-2026-10627,2026-08-03T07:30:07,AP-10073,MNT-01,2026-08-05T16:31:07,Under Review,0,0,FIN-POL-001,FIN-POL-001,v3,UW-CRD-004,Active
APP-2026-29582,2026-08-18T08:18:26,AP-10053,MNT-01,2026-08-20T11:06:26,Funded,30,60,FIN-POL-001,FIN-POL-001,v3,UW-APP-001,Active
APP-2026-70009,2026-08-24T10:25:15,AP-10038,MNT-01,2026-08-24T23:31:15,Funded,9,60,FIN-POL-001,FIN-POL-001,v3,UW-APP-001,Active
APP-2026-41146,2026-08-25T19:55:03,AP-10091,REV-02,2026-08-26T13:11:03,Funded,4,36,FIN-POL-001,FIN-POL-001,v3,UW-APP-001,Active
APP-2026-27660,2026-08-29T03:53:26,AP-10054,MNT-01,2026-08-30T20:57:26,Funded,15,60,FIN-POL-001,FIN-POL-001,v3,UW-APP-001,Active
APP-2026-34601,2026-09-12T01:06:17,AP-10070,MNT-01,2026-09-13T11:24:17,Under Review,0,0,FIN-POL-001,FIN-POL-001,v3,UW-EMP-001,Active
